{
    "x": 37.3647005,
    "y": 126.7238795,
    "theta": 3.719122039158851,
    "v": 5.670008894628727,
    "ax": 1.5179340067986957,
    "ay": -0.027616721892524426,
    "omega": 0.028375967213549895,
    "deviation": 0.0,
    "decision": 1,
    "lanes": [
        {
            "c3": -2.739899981701009e-12,
            "c0": -1.875
        },
        {
        },
        {
        },
        {
        }
    ],
    "objects": [
        {
        }
    ]
}