{
    "x": 37.3650451,
    "y": 126.7242849,
    "theta": 0.6443755278783734,
    "v": 15.530002952545786,
    "ax": -0.6573554566213042,
    "ay": 0.03666450526747558,
    "omega": 0.01406426734719639,
    "deviation": -1.40234375,
    "decision": 1,
    "lanes": [
        {
            "c3": -5.923238975999949e-07,
            "c0": -1.15234375
        },
        {
        },
        {
        },
        {
        }
    ],
    "objects": [
        {
        }
    ]
}