{
    "A": 71.7065,
    "B": 5.99334,
    "C": 5.53104,
    "Cv": "10.748",
    "G": -528.658701,
    "H": -528.628407,
    "P": 1.0,
    "S": 0.0001016065738719187,
    "T": 298.15,
    "U": -528.629352,
    "U0": -528.633141,
    "bo": [
    ],
    "coords": [
    ],
    "eigs": [
    ],
    "et": [
    ],
    "fc": [
    ],
    "ir": [
    ],
    "ma": [
    ],
    "mr": [
    ],
    "oemga": [
    ],
    "qa": [
    ],
    "rn": [
    ],
    "symbols": [
    ],
    "zs": [
    ]
}