{
 "alphabet": "arndcqeghilkmfpstwyv",
 "insrate": 0.0292313,
 "insextprob": 0.637655,
 "delrate": 0.0232349,
 "delextprob": 0.612888,
 "rootprob":
 {
  "a": 0.079066,
  "r": 0.055941,
  "n": 0.041977,
  "d": 0.053052,
  "c": 0.012937,
  "q": 0.040767,
  "e": 0.071586,
  "g": 0.057337,
  "h": 0.022355,
  "i": 0.062157,
  "l": 0.099081,
  "k": 0.0646,
  "m": 0.022951,
  "f": 0.042302,
  "p": 0.04404,
  "s": 0.061197,
  "t": 0.053287,
  "w": 0.012066,
  "v": 0.069147
 },
 "subrate":
 {
 }
}
