{
    "AED": 3.6729039860451302,
    "AFN": 73.78334044685273,
    "ALL": 96.38598296466745,
    "AMD": 405.7526981888361,
    "ANG": 1.802366018408551,
    "AOA": 831.503924807007,
    "ARS": 834.6018464222091,
    "AUD": 1.5338721051068882,
    "AWG": 1.7999999999999998,
    "AZN": 1.7039702716745841,
    "BAM": 1.8147064281472685,
    "BBD": 2.0192065023752965,
    "BDT": 109.75643000296911,
    "BGN": 1.8147064281472685,
    "BHD": 0.37698931116389545,
    "ZWL": 321.999570405285
}